"Dataset","Sample_N","Events","Brier_1y","Brier_3y","Brier_5y"
"TCGA-LIHC",370,130,0.12852486935459,0.233523767520294,0.28506821223718
"GSE76427",115,23,0.140718654219556,0.219852681169462,0.28456650650506
"GSE10143-HCC",82,32,0.100784728753925,0.393067570478807,0.487898174459354
"GSE27150",81,28,0.166541108222028,0.213742624403333,NA
"ICGC-LIRI-JP (HCCDB18)",203,35,0.0782587719790733,0.170396291952031,0.551316926552664
