"Dataset","Sample_N","Events","AUC_1y","AUC_3y","AUC_5y","Logrank_P","C_index"
"TCGA-LIHC",370,130,0.703042137098267,0.636478938273216,0.582624747148165,0.0125927235545213,0.633575902393107
"GSE76427",115,23,0.429350202347836,0.472344362457428,NA,0.915940837085357,0.534595775673707
"GSE10143-HCC",82,32,NA,0.581367128293994,0.491961881042082,0.363990325289467,0.537112799532437
"GSE27150",81,28,0.543589743589744,0.611845202073507,NA,0.315221312108444,0.577408256880734
"ICGC-LIRI-JP (HCCDB18)",203,35,0.658427290514602,0.72173494591934,NA,0.0325628464269597,0.654585502603124
