"Dataset","Sample_N","Events","AUC_1y","AUC_3y","AUC_5y","Logrank_P_median","Logrank_P_traincut","C_index","Scaling"
"TCGA-LIHC",370,130,0.711788281466926,0.618600781172773,0.597691702384484,0.00243974513828638,4.50875858870603e-09,0.631331233481771,"Train-frozen"
"GSE76427",115,23,0.408037320463757,0.516105058085288,0.35072128443759,0.985161884485608,NA,0.554260742898762,"Train-frozen"
"GSE10143-HCC",82,32,0.82525069866842,0.581164618749551,0.487195969436118,0.751357152557514,NA,0.536528345996493,"Train-frozen"
