"Metric","Value"
"MVI_n",93
"non_MVI_n",206
"Wilcoxon_P",0.0520470206246167
"AUC",0.570205658210669
