"Variable","HR","HR_lower","HR_upper","P_value","Significance"
"Risk Score",2.71828182847647,1.99545405739983,3.70294473662483,2.29331040881328e-10,"*"
"Age",0.991748922362497,0.972600775784823,1.01127404943051,0.404888039872957,""
"Gender (M vs F)",1.70004239393333,0.820640383229764,3.52181564572285,0.153285846603924,""
"Tumor Size (Large vs Small)",1.94300547500235,1.26459500828777,2.98535914751137,0.00243534059741927,"*"
"AFP (High vs Low)",1.68432804678698,1.0989378071557,2.58154824660728,0.016711792137567,"*"
"TNM Stage (Advanced vs Early)",3.42396294322374,2.19306807137884,5.34571744013328,6.1324038606645e-08,"*"
"Cirrhosis (Y vs N)",4.62364880944132,1.13700988625346,18.8020601856778,0.0324059718161095,"*"
"Multinodular (Y vs N)",1.59223366033623,0.985924337633671,2.57140221854397,0.0571713918615271,""
